Page,Page Title,Instructions_Hebrew,Instructions,question_ID,Question,Question_Hebrew,question_type,scale_min,scale_max,left_label,right_label,scale_labels_Hebrew,scale_labels,options,picture added,Page name/subject (not visible)
1,,להלן מספר היגדים המתייחסים ליכולת שלך לזהות במדויק תחושות גופניות מסוימות. נא דרג/י בסולם עד כמה את/ה מאמין/ה שאת/ה יכול/ה לזהות כל אות גופני.,Below are several statements regarding how accurately you can perceive specific bodily sensations. Please rate on the scale how well you believe you can perceive each specific signal.,3,I can always accurately perceive when my heart is beating fast,אני תמיד יכול/ה לזהות במדויק מתי הלב שלי פועם במהירות,likert_scale_1,1,5,,,"לא מסכים/ה בכלל, לא מסכים/ה, לא מסכים/ה ולא מתנגד/ת , מסכים/ה, מאוד מסכים/ה","Strongly Disagree, Disagree, Neither agree nor disagree, Agree, Strongly Agree",,,Interoceptive Accuracy Scale (IAS) 1
1,,להלן מספר היגדים המתייחסים ליכולת שלך לזהות במדויק תחושות גופניות מסוימות. נא דרג/י בסולם עד כמה את/ה מאמין/ה שאת/ה יכול/ה לזהות כל אות גופני.,Below are several statements regarding how accurately you can perceive specific bodily sensations. Please rate on the scale how well you believe you can perceive each specific signal.,4,I can always accurately perceive when I am hungry,אני תמיד יכול/ה לזהות במדויק מתי אני רעב/ה,likert_scale_1,1,5,,,"לא מסכים/ה בכלל, לא מסכים/ה, לא מסכים/ה ולא מתנגד/ת , מסכים/ה, מאוד מסכים/ה","Strongly Disagree, Disagree, Neither agree nor disagree, Agree, Strongly Agree",,,Interoceptive Accuracy Scale (IAS) 1
1,,להלן מספר היגדים המתייחסים ליכולת שלך לזהות במדויק תחושות גופניות מסוימות. נא דרג/י בסולם עד כמה את/ה מאמין/ה שאת/ה יכול/ה לזהות כל אות גופני.,,5,I can always accurately perceive when I am breathing fast,אני תמיד יכול/ה לזהות במדויק מתי אני נושם/ת מהר,likert_scale_1,1,5,,,"לא מסכים/ה בכלל, לא מסכים/ה, לא מסכים/ה ולא מתנגד/ת , מסכים/ה, מאוד מסכים/ה","Strongly Disagree, Disagree, Neither agree nor disagree, Agree, Strongly Agree",,,Interoceptive Accuracy Scale (IAS) 1
1,,,,6,I can always accurately perceive when I am thirsty,אני תמיד יכול/ה לזהות במדויק מתי אני צמא/ה,likert_scale_1,1,5,,,"לא מסכים/ה בכלל, לא מסכים/ה, לא מסכים/ה ולא מתנגד/ת , מסכים/ה, מאוד מסכים/ה","Strongly Disagree, Disagree, Neither agree nor disagree, Agree, Strongly Agree",,,Interoceptive Accuracy Scale (IAS) 1
2,,להלן מספר היגדים המתייחסים ליכולת שלך לזהות במדויק תחושות גופניות מסוימות. נא דרג/י בסולם עד כמה את/ה מאמין/ה שאת/ה יכול/ה לזהות כל אות גופני.,Below are several statements regarding how accurately you can perceive specific bodily sensations. Please rate on the scale how well you believe you can perceive each specific signal.,7,I can always accurately perceive when I need to urinate,אני תמיד יכול/ה לזהות במדויק מתי אני צריך/ה להשתין,likert_scale_1,1,5,,,"לא מסכים/ה בכלל, לא מסכים/ה, לא מסכים/ה ולא מתנגד/ת , מסכים/ה, מאוד מסכים/ה","Strongly Disagree, Disagree, Neither agree nor disagree, Agree, Strongly Agree",,,Interoceptive Accuracy Scale (IAS) 2
2,,,,8,I can always accurately perceive when I need to defecate,אני תמיד יכול/ה לזהות במדויק מתי אני צריך/ה להתפנות (צואה),likert_scale_1,1,5,,,"לא מסכים/ה בכלל, לא מסכים/ה, לא מסכים/ה ולא מתנגד/ת , מסכים/ה, מאוד מסכים/ה","Strongly Disagree, Disagree, Neither agree nor disagree, Agree, Strongly Agree",,,Interoceptive Accuracy Scale (IAS) 2
2,,,,9,I can always accurately perceive when I encounter different tastes,אני תמיד יכול/ה לזהות במדויק מתי אני מרגיש/ה טעמים שונים,likert_scale_1,1,5,,,"לא מסכים/ה בכלל, לא מסכים/ה, לא מסכים/ה ולא מתנגד/ת , מסכים/ה, מאוד מסכים/ה","Strongly Disagree, Disagree, Neither agree nor disagree, Agree, Strongly Agree",,,Interoceptive Accuracy Scale (IAS) 2
2,,,,10,I can always accurately perceive when I am going to vomit,אני תמיד יכול/ה לזהות במדויק מתי אני עומד/ת להקיא,likert_scale_1,1,5,,,"לא מסכים/ה בכלל, לא מסכים/ה, לא מסכים/ה ולא מתנגד/ת , מסכים/ה, מאוד מסכים/ה","Strongly Disagree, Disagree, Neither agree nor disagree, Agree, Strongly Agree",,,Interoceptive Accuracy Scale (IAS) 2
3,,להלן מספר היגדים המתייחסים ליכולת שלך לזהות במדויק תחושות גופניות מסוימות. נא דרג/י בסולם עד כמה את/ה מאמין/ה שאת/ה יכול/ה לזהות כל אות גופני.,Below are several statements regarding how accurately you can perceive specific bodily sensations. Please rate on the scale how well you believe you can perceive each specific signal.,11,I can always accurately perceive when I am going to sneeze,אני תמיד יכול/ה לזהות במדויק מתי אני עומד/ת להתעטש,likert_scale_1,1,5,,,"לא מסכים/ה בכלל, לא מסכים/ה, לא מסכים/ה ולא מתנגד/ת , מסכים/ה, מאוד מסכים/ה","Strongly Disagree, Disagree, Neither agree nor disagree, Agree, Strongly Agree",,,Interoceptive Accuracy Scale (IAS) 2
3,,,,12,I can always accurately perceive when I am going to cough,אני תמיד יכול/ה לזהות במדויק מתי אני עומד/ת להשתעל,likert_scale_1,1,5,,,"לא מסכים/ה בכלל, לא מסכים/ה, לא מסכים/ה ולא מתנגד/ת , מסכים/ה, מאוד מסכים/ה","Strongly Disagree, Disagree, Neither agree nor disagree, Agree, Strongly Agree",,,Interoceptive Accuracy Scale (IAS) 3
3,,,,13,I can always accurately perceive when I am hot/cold,אני תמיד יכול/ה לזהות במדויק מתי חם לי/קר לי,likert_scale_1,1,5,,,"לא מסכים/ה בכלל, לא מסכים/ה, לא מסכים/ה ולא מתנגד/ת , מסכים/ה, מאוד מסכים/ה","Strongly Disagree, Disagree, Neither agree nor disagree, Agree, Strongly Agree",,,Interoceptive Accuracy Scale (IAS) 3
3,,,,14,I can always accurately perceive when I am sexually aroused,אני תמיד יכול/ה לזהות במדויק מתי אני חווה עוררות מינית,likert_scale_1,1,5,,,"לא מסכים/ה בכלל, לא מסכים/ה, לא מסכים/ה ולא מתנגד/ת , מסכים/ה, מאוד מסכים/ה","Strongly Disagree, Disagree, Neither agree nor disagree, Agree, Strongly Agree",,,Interoceptive Accuracy Scale (IAS) 3
4,,להלן מספר היגדים המתייחסים ליכולת שלך לזהות במדויק תחושות גופניות מסוימות. נא דרג/י בסולם עד כמה את/ה מאמין/ה שאת/ה יכול/ה לזהות כל אות גופני.,Below are several statements regarding how accurately you can perceive specific bodily sensations. Please rate on the scale how well you believe you can perceive each specific signal.,15,I can always accurately perceive when I am going to pass wind,אני תמיד יכול/ה לזהות במדויק מתי אני עומד/ת לשחרר גזים (פלוץ),likert_scale_1,1,5,,,"לא מסכים/ה בכלל, לא מסכים/ה, לא מסכים/ה ולא מתנגד/ת , מסכים/ה, מאוד מסכים/ה","Strongly Disagree, Disagree, Neither agree nor disagree, Agree, Strongly Agree",,,Interoceptive Accuracy Scale (IAS) 3
4,,,Below are several statements regarding how accurately you can perceive specific bodily sensations. Please rate on the scale how well you believe you can perceive each specific signal.,16,I can always accurately perceive when I am going to burp,אני תמיד יכול/ה לזהות במדויק מתי אני עומד/ת לגהק (גרפס),likert_scale_1,1,5,,,"לא מסכים/ה בכלל, לא מסכים/ה, לא מסכים/ה ולא מתנגד/ת , מסכים/ה, מאוד מסכים/ה","Strongly Disagree, Disagree, Neither agree nor disagree, Agree, Strongly Agree",,,Interoceptive Accuracy Scale (IAS) 3
4,,,Below are several statements regarding how accurately you can perceive specific bodily sensations. Please rate on the scale how well you believe you can perceive each specific signal.,17,I can always accurately perceive when my muscles are tired/sore,אני תמיד יכול/ה לזהות במדויק מתי השרירים שלי עייפים/כואבים,likert_scale_1,1,5,,,"לא מסכים/ה בכלל, לא מסכים/ה, לא מסכים/ה ולא מתנגד/ת , מסכים/ה, מאוד מסכים/ה","Strongly Disagree, Disagree, Neither agree nor disagree, Agree, Strongly Agree",,,Interoceptive Accuracy Scale (IAS) 4
4,,,Below are several statements regarding how accurately you can perceive specific bodily sensations. Please rate on the scale how well you believe you can perceive each specific signal.,18,I can always accurately perceive when I am going to get a bruise,אני תמיד יכול/ה לזהות במדויק מתי אני עומד/ת לקבל חבורה (שטף דם),likert_scale_1,1,5,,,"לא מסכים/ה בכלל, לא מסכים/ה, לא מסכים/ה ולא מתנגד/ת , מסכים/ה, מאוד מסכים/ה","Strongly Disagree, Disagree, Neither agree nor disagree, Agree, Strongly Agree",,,Interoceptive Accuracy Scale (IAS) 4
5,,להלן מספר היגדים המתייחסים ליכולת שלך לזהות במדויק תחושות גופניות מסוימות. נא דרג/י בסולם עד כמה את/ה מאמין/ה שאת/ה יכול/ה לזהות כל אות גופני.,Below are several statements regarding how accurately you can perceive specific bodily sensations. Please rate on the scale how well you believe you can perceive each specific signal.,19,I can always accurately perceive when I am in pain,אני תמיד יכול/ה לזהות במדויק מתי אני חווה כאב,likert_scale_1,1,5,,,"לא מסכים/ה בכלל, לא מסכים/ה, לא מסכים/ה ולא מתנגד/ת , מסכים/ה, מאוד מסכים/ה","Strongly Disagree, Disagree, Neither agree nor disagree, Agree, Strongly Agree",,,Interoceptive Accuracy Scale (IAS) 4
5,,,,20,I can always accurately perceive when my blood sugar is low,אני תמיד יכול/ה לזהות במדויק מתי רמת הסוכר שלי בדם נמוכה,likert_scale_1,1,5,,,"לא מסכים/ה בכלל, לא מסכים/ה, לא מסכים/ה ולא מתנגד/ת , מסכים/ה, מאוד מסכים/ה","Strongly Disagree, Disagree, Neither agree nor disagree, Agree, Strongly Agree",,,Interoceptive Accuracy Scale (IAS) 4
5,,,,21,I can always accurately perceive when someone is touching me affectionately rather than nonaffectionately,אני תמיד יכול/ה לזהות במדויק מתי מישהו נוגע בי חיבה לעומת ללא חיבה,likert_scale_1,1,5,,,"לא מסכים/ה בכלל, לא מסכים/ה, לא מסכים/ה ולא מתנגד/ת , מסכים/ה, מאוד מסכים/ה","Strongly Disagree, Disagree, Neither agree nor disagree, Agree, Strongly Agree",,,Interoceptive Accuracy Scale (IAS) 4
5,,,,22,I can always accurately perceive when something is going to be ticklish,אני תמיד יכול/ה לזהות במדויק מתי משהו עומד לגרום לי לדגדוג,likert_scale_1,1,5,,,"לא מסכים/ה בכלל, לא מסכים/ה, לא מסכים/ה ולא מתנגד/ת , מסכים/ה, מאוד מסכים/ה","Strongly Disagree, Disagree, Neither agree nor disagree, Agree, Strongly Agree",,,Interoceptive Accuracy Scale (IAS) 5
5,,,,23,I can always accurately perceive when something is going to be itchy,אני תמיד יכול/ה לזהות במדויק מתי משהו עומד לגרום לי לגרד,likert_scale_1,1,5,,,"לא מסכים/ה בכלל, לא מסכים/ה, לא מסכים/ה ולא מתנגד/ת , מסכים/ה, מאוד מסכים/ה","Strongly Disagree, Disagree, Neither agree nor disagree, Agree, Strongly Agree",,,Interoceptive Accuracy Scale (IAS) 5
6,VAS,,,24,"On a scale of 0 to 10 (0 being no pain and 10 being the worst pain you can possibly imagine), how would you currently rate your pain?",בסולם מ־0 עד 10 (כאשר 0 מייצג חוסר כאב ו־10 מייצג את הכאב החמור ביותר שניתן להעלות על הדעת) – כיצד היית מדרג/ת את עוצמת הכאב שלך ברגע זה?,likert_scale_2,1,10,No Pain,Worst Pain,,,,VAS.png,Visual Analog Scale for Pain (VAS)
7,SAM,כעת תראי/ה סולמות המתארים חוויה רגשית,You will now see two scales describing an emotional experience,25,"Please rate how you are feeling right now, with 0 being very negative and 10 being very positive.","נא דרג/י כיצד את/ה מרגיש/ה כרגע, כאשר 0 מייצג מצב שלילי מאוד ו־10 מייצג מצב חיובי מאוד.",likert_scale_3,1,10,Very Negative,Very Positive,,,,sam.png,Self-Assessment Manikin (SAM)
7,SAM,,,26,Please describe your arousal levels with 0 being calm and peaceful and 10 being emotional and aroused,"נא דרג/י את רמת העוררות שלך, כאשר 0 מייצג רוגע ושלווה ו־10 מייצג עוררות רגשית גבוהה.",likert_scale_4,1,10,Calm and Peaceful,Emotional and Aroused,,,,,Self-Assessment Manikin (SAM)
8,,"בסולם של 0 עד 5 (0 הוא הנמוך ביותר ו-5 הוא הגבוה ביותר), אנא ציין/י מהי עוצמת הרגשות הבאים במהלך מקרה בו הרגשת את הכאב החזק ביותר","On a scale from 0 to 5 (0 being the lowest and 5 the highest) , please specify how intense were the following emotions during an occasion you felt the strongest pain",27,Irritability (I lose my patience at the slightest thing),רגזנות (אני מאבד/ת את הסבלנות על הדבר הקטן ביותר),likert_scale_5,0,5,,,"לא מסכים/ה בכלל, לא מסכים/ה, לא מסכים/ה ולא מתנגד/ת , מסכים/ה, מאוד מסכים/ה","Strongly Disagree, Disagree, Neither agree nor disagree, Agree, Strongly Agree",,,Bodily and Emotional Perception of Pain (BEEP) 1
8,,,,28,Feeling powerless,תחושת חוסר אונים,likert_scale_6,0,5,,,"לא מסכים/ה בכלל, לא מסכים/ה, לא מסכים/ה ולא מתנגד/ת , מסכים/ה, מאוד מסכים/ה","Strongly Disagree, Disagree, Neither agree nor disagree, Agree, Strongly Agree",,,Bodily and Emotional Perception of Pain (BEEP) 1
8,,,,29,Depression (deep sadness with loss of any interest),דיכאון (עצב עמוק עם אובדן עניין),likert_scale_7,0,5,,,"לא מסכים/ה בכלל, לא מסכים/ה, לא מסכים/ה ולא מתנגד/ת , מסכים/ה, מאוד מסכים/ה","Strongly Disagree, Disagree, Neither agree nor disagree, Agree, Strongly Agree",,,Bodily and Emotional Perception of Pain (BEEP) 1
8,,,,30,Feeling of injustice (why me?),תחושת עוול (למה דווקא אני?),likert_scale_8,0,5,,,"לא מסכים/ה בכלל, לא מסכים/ה, לא מסכים/ה ולא מתנגד/ת , מסכים/ה, מאוד מסכים/ה","Strongly Disagree, Disagree, Neither agree nor disagree, Agree, Strongly Agree",,,Bodily and Emotional Perception of Pain (BEEP) 1
8,,,,31,Pessimism (a negative vision of the future),פסימיות (חזון שלילי לגבי העתיד),likert_scale_9,0,5,,,"לא מסכים/ה בכלל, לא מסכים/ה, לא מסכים/ה ולא מתנגד/ת , מסכים/ה, מאוד מסכים/ה","Strongly Disagree, Disagree, Neither agree nor disagree, Agree, Strongly Agree",,,Bodily and Emotional Perception of Pain (BEEP) 1
9,,"בסולם של 0 עד 5 (0 הוא הנמוך ביותר ו-5 הוא הגבוה ביותר), אנא ציין/י מהי עוצמת הרגשות הבאים במהלך מקרה בו הרגשת את הכאב החזק ביותר","On a scale from 0 to 5 ( 0 being the lowest and 5 the highest) , please specify how intense were the following emotions during an occasion you felt the strongest pain",32,I feel anxiety,חרדה,likert_scale_10,0,5,,,"לא מסכים/ה בכלל, לא מסכים/ה, לא מסכים/ה ולא מתנגד/ת , מסכים/ה, מאוד מסכים/ה","Strongly Disagree, Disagree, Neither agree nor disagree, Agree, Strongly Agree",,,Bodily and Emotional Perception of Pain (BEEP) 2
9,,,,33,I feel guilt (for example: I feel I am a burden for my family),תחושת אשמה (למשל: אני מרגיש/ה שאני נטל על משפחתי),likert_scale_11,0,5,,,"לא מסכים/ה בכלל, לא מסכים/ה, לא מסכים/ה ולא מתנגד/ת , מסכים/ה, מאוד מסכים/ה","Strongly Disagree, Disagree, Neither agree nor disagree, Agree, Strongly Agree",,,Bodily and Emotional Perception of Pain (BEEP) 2
9,,,,34,I feel frustration (I can do nothing about it and I am angry at this),תסכול (אין בידי לעשות כלום ואני כועס/ת על כך),likert_scale_12,0,5,,,"לא מסכים/ה בכלל, לא מסכים/ה, לא מסכים/ה ולא מתנגד/ת , מסכים/ה, מאוד מסכים/ה","Strongly Disagree, Disagree, Neither agree nor disagree, Agree, Strongly Agree",,,Bodily and Emotional Perception of Pain (BEEP) 2
9,,,,35,Lack of confidence in abilities and skills,חוסר אמון ביכולותיי ומיומנויותיי,likert_scale_13,0,5,,,"לא מסכים/ה בכלל, לא מסכים/ה, לא מסכים/ה ולא מתנגד/ת , מסכים/ה, מאוד מסכים/ה","Strongly Disagree, Disagree, Neither agree nor disagree, Agree, Strongly Agree",,,Bodily and Emotional Perception of Pain (BEEP) 2
9,,,,36,I'm afraid I will not recover,אני פוחד/ת שלא אתאושש,likert_scale_14,0,5,,,"לא מסכים/ה בכלל, לא מסכים/ה, לא מסכים/ה ולא מתנגד/ת , מסכים/ה, מאוד מסכים/ה","Strongly Disagree, Disagree, Neither agree nor disagree, Agree, Strongly Agree",,,Bodily and Emotional Perception of Pain (BEEP) 2
10,,"בסולם של 0 עד 5 (0 הוא הנמוך ביותר ו-5 הוא הגבוה ביותר), אנא ציין/י מהי עוצמת הרגשות הבאים במהלך מקרה בו הרגשת את הכאב החזק ביותר","On a scale from 0 to 5 ( 0 being the lowest and 5 the highest) , please specify how intense were the following emotions during an occasion you felt the strongest pain",37,I feel confusion  (I feel my mind is less clear),בלבול (אני מרגיש/ה שהמחשבה שלי פחות ברורה),likert_scale_15,0,5,,,"לא מסכים/ה בכלל, לא מסכים/ה, לא מסכים/ה ולא מתנגד/ת , מסכים/ה, מאוד מסכים/ה","Strongly Disagree, Disagree, Neither agree nor disagree, Agree, Strongly Agree",,,Bodily and Emotional Perception of Pain (BEEP) 3
10,,,,38,I do not recognize myself,אני לא מכיר/ה/מזהה את עצמי,likert_scale_16,0,5,,,"לא מסכים/ה בכלל, לא מסכים/ה, לא מסכים/ה ולא מתנגד/ת , מסכים/ה, מאוד מסכים/ה","Strongly Disagree, Disagree, Neither agree nor disagree, Agree, Strongly Agree",,,Bodily and Emotional Perception of Pain (BEEP) 3
10,,,,39,I feel I have become older,אני מרגיש/ה שהזדקנתי,likert_scale_17,0,5,,,"לא מסכים/ה בכלל, לא מסכים/ה, לא מסכים/ה ולא מתנגד/ת , מסכים/ה, מאוד מסכים/ה","Strongly Disagree, Disagree, Neither agree nor disagree, Agree, Strongly Agree",,,Bodily and Emotional Perception of Pain (BEEP) 3
10,,,,40,I feel impairment,אני מרגיש/ה מוגבלת מבחינות תפקודיות,likert_scale_18,0,5,,,"לא מסכים/ה בכלל, לא מסכים/ה, לא מסכים/ה ולא מתנגד/ת , מסכים/ה, מאוד מסכים/ה","Strongly Disagree, Disagree, Neither agree nor disagree, Agree, Strongly Agree",,,Bodily and Emotional Perception of Pain (BEEP) 3
10,,,,41,Lack of independence,אני לא מרגיש/ה עצמאי/ת,likert_scale_19,0,5,,,"לא מסכים/ה בכלל, לא מסכים/ה, לא מסכים/ה ולא מתנגד/ת , מסכים/ה, מאוד מסכים/ה","Strongly Disagree, Disagree, Neither agree nor disagree, Agree, Strongly Agree",,,Bodily and Emotional Perception of Pain (BEEP) 3
11,,"בסולם של 0 עד 5 (0 הוא הנמוך ביותר ו-5 הוא הגבוה ביותר), במהלך חייך, עד כמה חמור הפריע הכאב הזה לך...","On a scale from 0 to 5 ( 0 being the lowest and 5 the highest), during your lifetime, how seriously did this pain interfere with",42,Your working performance,ביצועי העבודה שלך,likert_scale_20,0,5,,,"לא מסכים/ה בכלל, לא מסכים/ה, לא מסכים/ה ולא מתנגד/ת , מסכים/ה, מאוד מסכים/ה","Strongly Disagree, Disagree, Neither agree nor disagree, Agree, Strongly Agree",,,Bodily and Emotional Perception of Pain (BEEP) 4
11,,,,43,Your capability to move,יכולת התנועה שלך,likert_scale_21,0,5,,,"לא מסכים/ה בכלל, לא מסכים/ה, לא מסכים/ה ולא מתנגד/ת , מסכים/ה, מאוד מסכים/ה","Strongly Disagree, Disagree, Neither agree nor disagree, Agree, Strongly Agree",,,Bodily and Emotional Perception of Pain (BEEP) 4
11,,,,44,Your social role,תפקידך החברתי,likert_scale_22,0,5,,,"לא מסכים/ה בכלל, לא מסכים/ה, לא מסכים/ה ולא מתנגד/ת , מסכים/ה, מאוד מסכים/ה","Strongly Disagree, Disagree, Neither agree nor disagree, Agree, Strongly Agree",,,Bodily and Emotional Perception of Pain (BEEP) 4
11,,,,45,Your physical activity,פעילות ספורטיבית,likert_scale_23,0,5,,,"לא מסכים/ה בכלל, לא מסכים/ה, לא מסכים/ה ולא מתנגד/ת , מסכים/ה, מאוד מסכים/ה","Strongly Disagree, Disagree, Neither agree nor disagree, Agree, Strongly Agree",,,Bodily and Emotional Perception of Pain (BEEP) 4
11,,,,46,"Mood (inner affective-emotional tone, e.g. I'm more often sad, more often cheerful)",מצב רוח (טון רגשי פנימי; לדוגמה: אני עצוב/ה יותר או שמח/ה פחות),likert_scale_24,0,5,,,"לא מסכים/ה בכלל, לא מסכים/ה, לא מסכים/ה ולא מתנגד/ת , מסכים/ה, מאוד מסכים/ה","Strongly Disagree, Disagree, Neither agree nor disagree, Agree, Strongly Agree",,,Bodily and Emotional Perception of Pain (BEEP) 4
12,,"בסולם של 0 עד 5 (0 הוא הנמוך ביותר ו-5 הוא הגבוה ביותר), במהלך חייך, עד כמה חמור הפריע הכאב הזה לך...","On a scale from 0 to 5 ( 0 being the lowest and 5 the highest), during your lifetime, how seriously did this pain interfere with",47,Interpersonal relationships,מערכות יחסים בין-אישיות,likert_scale_25,0,5,,,"לא מסכים/ה בכלל, לא מסכים/ה, לא מסכים/ה ולא מתנגד/ת , מסכים/ה, מאוד מסכים/ה","Strongly Disagree, Disagree, Neither agree nor disagree, Agree, Strongly Agree",,,Bodily and Emotional Perception of Pain (BEEP) 5
12,,,,48,Sleep,השינה,likert_scale_26,0,5,,,"לא מסכים/ה בכלל, לא מסכים/ה, לא מסכים/ה ולא מתנגד/ת , מסכים/ה, מאוד מסכים/ה","Strongly Disagree, Disagree, Neither agree nor disagree, Agree, Strongly Agree",,,Bodily and Emotional Perception of Pain (BEEP) 5
12,,,,49,The pleasure of living,הנאה מהחיים,likert_scale_27,0,5,,,"לא מסכים/ה בכלל, לא מסכים/ה, לא מסכים/ה ולא מתנגד/ת , מסכים/ה, מאוד מסכים/ה","Strongly Disagree, Disagree, Neither agree nor disagree, Agree, Strongly Agree",,,Bodily and Emotional Perception of Pain (BEEP) 5
13,,"להלן משפטים המתארים מחשבות ורגשות שונים שעשויים להיות קשורים לכאב. באמצעות הסולם הבא, אנא ציין/י את המידה שבה יש לך מחשבות ורגשות אלה כשאת/ה חווה כאב.","Listed below are statements describing different thoughts and feelings that may be associated with pain. Using the following scale, please indicate the degree to which you have these thoughts and feelings when you are experiencing pain.",50,I worry all the time about whether my pain will end,אני דואג/ת כל הזמן האם הכאב ייפסק/ישתפר,likert_scale_2,0,4,,,"בכלל לא, במידה מועטה, במידה בינונית, במידה רבה, כל הזמן","Not at all, To a slight degree, To a moderate degree, To a great degree, All the time",,PCS,Pain Catastrophizing Scale (PCS) 1
13,,"להלן משפטים המתארים מחשבות ורגשות שונים שעשויים להיות קשורים לכאב. באמצעות הסולם הבא, אנא ציין/י את המידה שבה יש לך מחשבות ורגשות אלה כשאת/ה חווה כאב.","Listed below are statements describing different thoughts and feelings that may be associated with pain. Using the following scale, please indicate the degree to which you have these thoughts and feelings when you are experiencing pain.",51,I feel like I can't go on,אני מרגיש/ה שאיני יכול/ה להמשיך יותר.,likert_scale_2,0,4,,,"בכלל לא, במידה מועטה, במידה בינונית, במידה רבה, כל הזמן","Not at all, To a slight degree, To a moderate degree, To a great degree, All the time",,,Pain Catastrophizing Scale (PCS) 1
13,,"להלן משפטים המתארים מחשבות ורגשות שונים שעשויים להיות קשורים לכאב. באמצעות הסולם הבא, אנא ציין/י את המידה שבה יש לך מחשבות ורגשות אלה כשאת/ה חווה כאב.","Listed below are statements describing different thoughts and feelings that may be associated with pain. Using the following scale, please indicate the degree to which you have these thoughts and feelings when you are experiencing pain.",52,It/'s terrible and I think it's never going to get any better,"זה נורא, ואני חושב/ת שזה לעולם לא ישתפר.",likert_scale_2,0,4,,,"בכלל לא, במידה מועטה, במידה בינונית, במידה רבה, כל הזמן","Not at all, To a slight degree, To a moderate degree, To a great degree, All the time",,,Pain Catastrophizing Scale (PCS) 1
13,,"להלן משפטים המתארים מחשבות ורגשות שונים שעשויים להיות קשורים לכאב. באמצעות הסולם הבא, אנא ציין/י את המידה שבה יש לך מחשבות ורגשות אלה כשאת/ה חווה כאב.","Listed below are statements describing different thoughts and feelings that may be associated with pain. Using the following scale, please indicate the degree to which you have these thoughts and feelings when you are experiencing pain.",53,It's awful and I feel that it overwhelms me,"זה איום, ואני מרגיש/ה שזה מציף אותי.",likert_scale_2,0,4,,,"בכלל לא, במידה מועטה, במידה בינונית, במידה רבה, כל הזמן","Not at all, To a slight degree, To a moderate degree, To a great degree, All the time",,,Pain Catastrophizing Scale (PCS) 1
14,,"להלן משפטים המתארים מחשבות ורגשות שונים שעשויים להיות קשורים לכאב. באמצעות הסולם הבא, אנא ציין/י את המידה שבה יש לך מחשבות ורגשות אלה כשאת/ה חווה כאב.","Listed below are statements describing different thoughts and feelings that may be associated with pain. Using the following scale, please indicate the degree to which you have these thoughts and feelings when you are experiencing pain.",54,I feel I can't stand it anymore,אני מרגיש/ה שאיני יכול/ה לעמוד בזה יותר.,likert_scale_2,0,4,,,"בכלל לא, במידה מועטה, במידה בינונית, במידה רבה, כל הזמן","Not at all, To a slight degree, To a moderate degree, To a great degree, All the time",,,Pain Catastrophizing Scale (PCS) 2
14,,"להלן משפטים המתארים מחשבות ורגשות שונים שעשויים להיות קשורים לכאב. באמצעות הסולם הבא, אנא ציין/י את המידה שבה יש לך מחשבות ורגשות אלה כשאת/ה חווה כאב.","Listed below are statements describing different thoughts and feelings that may be associated with pain. Using the following scale, please indicate the degree to which you have these thoughts and feelings when you are experiencing pain.",55,I become afraid that the pain will get worse,אני מפחד/ת שהכאב יהיה גרוע יותר.,likert_scale_2,0,4,,,"בכלל לא, במידה מועטה, במידה בינונית, במידה רבה, כל הזמן","Not at all, To a slight degree, To a moderate degree, To a great degree, All the time",,,Pain Catastrophizing Scale (PCS) 2
14,,"להלן משפטים המתארים מחשבות ורגשות שונים שעשויים להיות קשורים לכאב. באמצעות הסולם הבא, אנא ציין/י את המידה שבה יש לך מחשבות ורגשות אלה כשאת/ה חווה כאב.","Listed below are statements describing different thoughts and feelings that may be associated with pain. Using the following scale, please indicate the degree to which you have these thoughts and feelings when you are experiencing pain.",56,I keep thinking of other painful events,אני חושב/ת על התנסויות כואבות אחרות.,likert_scale_2,0,4,,,"בכלל לא, במידה מועטה, במידה בינונית, במידה רבה, כל הזמן","Not at all, To a slight degree, To a moderate degree, To a great degree, All the time",,,Pain Catastrophizing Scale (PCS) 2
14,,"להלן משפטים המתארים מחשבות ורגשות שונים שעשויים להיות קשורים לכאב. באמצעות הסולם הבא, אנא ציין/י את המידה שבה יש לך מחשבות ורגשות אלה כשאת/ה חווה כאב.","Listed below are statements describing different thoughts and feelings that may be associated with pain. Using the following scale, please indicate the degree to which you have these thoughts and feelings when you are experiencing pain.",57,I anxiously want the pain to go away,אני מאוד רוצה שהכאב יעזוב אותי.,likert_scale_2,0,4,,,"בכלל לא, במידה מועטה, במידה בינונית, במידה רבה, כל הזמן","Not at all, To a slight degree, To a moderate degree, To a great degree, All the time",,,Pain Catastrophizing Scale (PCS) 2
14,,"להלן משפטים המתארים מחשבות ורגשות שונים שעשויים להיות קשורים לכאב. באמצעות הסולם הבא, אנא ציין/י את המידה שבה יש לך מחשבות ורגשות אלה כשאת/ה חווה כאב.","Listed below are statements describing different thoughts and feelings that may be associated with pain. Using the following scale, please indicate the degree to which you have these thoughts and feelings when you are experiencing pain.",58,I can't seem to keep the pain out of my mind,אני לא יכול/ה להפסיק לחשוב על הכאב.,likert_scale_2,0,4,,,"בכלל לא, במידה מועטה, במידה בינונית, במידה רבה, כל הזמן","Not at all, To a slight degree, To a moderate degree, To a great degree, All the time",,,Pain Catastrophizing Scale (PCS) 2
15,,"להלן משפטים המתארים מחשבות ורגשות שונים שעשויים להיות קשורים לכאב. באמצעות הסולם הבא, אנא ציין/י את המידה שבה יש לך מחשבות ורגשות אלה כשאת/ה חווה כאב.","Listed below are statements describing different thoughts and feelings that may be associated with pain. Using the following scale, please indicate the degree to which you have these thoughts and feelings when you are experiencing pain.",59,I keep thinking about how much it hurts,כל הזמן אני חושב/ת עד כמה זה כואב לי.,likert_scale_2,0,4,,,"בכלל לא, במידה מועטה, במידה בינונית, במידה רבה, כל הזמן","Not at all, To a slight degree, To a moderate degree, To a great degree, All the time",,,Pain Catastrophizing Scale (PCS) 3
15,,"להלן משפטים המתארים מחשבות ורגשות שונים שעשויים להיות קשורים לכאב. באמצעות הסולם הבא, אנא ציין/י את המידה שבה יש לך מחשבות ורגשות אלה כשאת/ה חווה כאב.","Listed below are statements describing different thoughts and feelings that may be associated with pain. Using the following scale, please indicate the degree to which you have these thoughts and feelings when you are experiencing pain.",60,I keep thinking about how badly I want the pain to stop,אני חושב/ת כמה אני רוצה שהכאב ייפסק.,likert_scale_2,0,4,,,"בכלל לא, במידה מועטה, במידה בינונית, במידה רבה, כל הזמן","Not at all, To a slight degree, To a moderate degree, To a great degree, All the time",,,Pain Catastrophizing Scale (PCS) 3
15,,"להלן משפטים המתארים מחשבות ורגשות שונים שעשויים להיות קשורים לכאב. באמצעות הסולם הבא, אנא ציין/י את המידה שבה יש לך מחשבות ורגשות אלה כשאת/ה חווה כאב.","Listed below are statements describing different thoughts and feelings that may be associated with pain. Using the following scale, please indicate the degree to which you have these thoughts and feelings when you are experiencing pain.",61,There's nothing I can do to reduce the intensity of the pain,אין שום דבר שאני יכול/ה לעשות כדי להחליש את עצמת הכאב.,likert_scale_2,0,4,,,"בכלל לא, במידה מועטה, במידה בינונית, במידה רבה, כל הזמן","Not at all, To a slight degree, To a moderate degree, To a great degree, All the time",,,Pain Catastrophizing Scale (PCS) 3
15,,"להלן משפטים המתארים מחשבות ורגשות שונים שעשויים להיות קשורים לכאב. באמצעות הסולם הבא, אנא ציין/י את המידה שבה יש לך מחשבות ורגשות אלה כשאת/ה חווה כאב.","Listed below are statements describing different thoughts and feelings that may be associated with pain. Using the following scale, please indicate the degree to which you have these thoughts and feelings when you are experiencing pain.",62,I wonder whether something serious may happen,אני תוהה האם משהו רציני יקרה.,likert_scale_2,0,4,,,"בכלל לא, במידה מועטה, במידה בינונית, במידה רבה, כל הזמן","Not at all, To a slight degree, To a moderate degree, To a great degree, All the time",,,Pain Catastrophizing Scale (PCS) 3
