Page,Page Title,Instructions_Hebrew,Instructions,question_ID,Question,Question_Hebrew,question_type,scale_min,scale_max,left_label_Hebrew,left_label,right_label_Hebrew,right_label,scale_labels_Hebrew,scale_labels,options_Hebrew,options,picture added,Page name/subject (not visible)
1,VAS,,,21,"On a scale of 0 to 10 (0 being no pain and 10 being the worst pain you can possibly imagine), how would you currently rate your pain?",בסולם מ־0 עד 10 (כאשר 0 מייצג חוסר כאב ו־10 מייצג את הכאב החמור ביותר שניתן להעלות על הדעת) – כיצד היית מדרג/ת את עוצמת הכאב שלך ברגע זה?,likert_scale_2,0,10,,No Pain,,Worst Pain,,,,,VAS.png,Visual Analog Scale for Pain (VAS)
2,SAM,כעת תראי/ה סולמות המתארים חוויה רגשית,You will now see two scales describing an emotional experience,22,"Please rate how you are feeling right now, with 0 being very negative and 10 being very positive.","נא דרג/י כיצד את/ה מרגיש/ה כרגע, כאשר 1 מייצג מצב שלילי מאוד ו־9 מייצג מצב חיובי מאוד.",likert_scale_3,1,9,,Very Negative,,Very Positive,,,,,sam.png,Self-Assessment Manikin (SAM)
2,SAM,,,23,Please describe your arousal levels with 0 being calm and peaceful and 10 being emotional and aroused,"נא דרג/י את רמת העוררות שלך, כאשר 1 מייצג רוגע ושלווה ו־9 מייצג עוררות רגשית גבוהה.",likert_scale_4,1,9,,Calm and Peaceful,,Emotional and Aroused,,,,,,Self-Assessment Manikin (SAM)
3,,,,116,How threatening does the figure feel to you now?,כמה הדמות מרגישה לך מאיימת עכשיו?,likert_scale_4,1,10,בכלל לא,Not at all,מאוד,Very much,,,,,,
4,,"בסולם של 0 עד 5 (0 הוא הנמוך ביותר ו-5 הוא הגבוה ביותר), אנא ציין/י מהי עוצמת הרגשות הבאים במהלך מקרה בו הרגשת את הכאב החזק ביותר","On a scale from 0 to 5 (0 being the lowest and 5 the highest) , please specify how intense were the following emotions during an occasion you felt the strongest pain",24,Irritability (I lose my patience at the slightest thing),רגזנות (אני מאבד/ת את הסבלנות על הדבר הקטן ביותר),likert_scale_5,0,5,בכלל לא,Not at all,מאוד,Very much,,,,,,Bodily and Emotional Perception of Pain (BEEP) 1
4,,,,25,Feeling powerless,תחושת חוסר אונים,likert_scale_6,0,5,בכלל לא,Not at all,מאוד,Very much,,,,,,Bodily and Emotional Perception of Pain (BEEP) 1
4,,,,26,Depression (deep sadness with loss of any interest),דיכאון (עצב עמוק עם אובדן עניין),likert_scale_7,0,5,בכלל לא,Not at all,מאוד,Very much,,,,,,Bodily and Emotional Perception of Pain (BEEP) 1
4,,,,27,Feeling of injustice (why me?),תחושת עוול (למה דווקא אני?),likert_scale_8,0,5,בכלל לא,Not at all,מאוד,Very much,,,,,,Bodily and Emotional Perception of Pain (BEEP) 1
4,,,,28,Pessimism (a negative vision of the future),פסימיות (חזון שלילי לגבי העתיד),likert_scale_9,0,5,בכלל לא,Not at all,מאוד,Very much,,,,,,Bodily and Emotional Perception of Pain (BEEP) 1
5,,"בסולם של 0 עד 5 (0 הוא הנמוך ביותר ו-5 הוא הגבוה ביותר), אנא ציין/י מהי עוצמת הרגשות הבאים במהלך מקרה בו הרגשת את הכאב החזק ביותר","On a scale from 0 to 5 ( 0 being the lowest and 5 the highest) , please specify how intense were the following emotions during an occasion you felt the strongest pain",29,I feel anxiety,חרדה,likert_scale_10,0,5,בכלל לא,Not at all,מאוד,Very much,,,,,,Bodily and Emotional Perception of Pain (BEEP) 2
5,,,,30,I feel guilt (for example: I feel I am a burden for my family),תחושת אשמה (למשל: אני מרגיש/ה שאני נטל על משפחתי),likert_scale_11,0,5,בכלל לא,Not at all,מאוד,Very much,,,,,,Bodily and Emotional Perception of Pain (BEEP) 2
5,,,,31,I feel frustration (I can do nothing about it and I am angry at this),תסכול (אין בידי לעשות כלום ואני כועס/ת על כך),likert_scale_12,0,5,בכלל לא,Not at all,מאוד,Very much,,,,,,Bodily and Emotional Perception of Pain (BEEP) 2
5,,,,32,Lack of confidence in abilities and skills,חוסר אמון ביכולותיי ומיומנויותיי,likert_scale_13,0,5,בכלל לא,Not at all,מאוד,Very much,,,,,,Bodily and Emotional Perception of Pain (BEEP) 2
5,,,,33,I'm afraid I will not recover,אני פוחד/ת שלא אתאושש/י,likert_scale_14,0,5,בכלל לא,Not at all,מאוד,Very much,,,,,,Bodily and Emotional Perception of Pain (BEEP) 2
6,,"בסולם של 0 עד 5 (0 הוא הנמוך ביותר ו-5 הוא הגבוה ביותר), אנא ציין/י מהי עוצמת הרגשות הבאים במהלך מקרה בו הרגשת את הכאב החזק ביותר","On a scale from 0 to 5 ( 0 being the lowest and 5 the highest) , please specify how intense were the following emotions during an occasion you felt the strongest pain",34,I feel confusion  (I feel my mind is less clear),בלבול (אני מרגיש/ה שהמחשבה שלי פחות ברורה),likert_scale_15,0,5,בכלל לא,Not at all,מאוד,Very much,,,,,,Bodily and Emotional Perception of Pain (BEEP) 3
6,,,,35,I do not recognize myself,אני לא מכיר/ה/מזהה את עצמי,likert_scale_16,0,5,בכלל לא,Not at all,מאוד,Very much,,,,,,Bodily and Emotional Perception of Pain (BEEP) 3
6,,,,36,I feel I have become older,אני מרגיש/ה שהזדקנתי,likert_scale_17,0,5,בכלל לא,Not at all,מאוד,Very much,,,,,,Bodily and Emotional Perception of Pain (BEEP) 3
6,,,,37,I feel impairment,אני מרגיש/ה מוגבל/ת מבחינות תפקודיות,likert_scale_18,0,5,בכלל לא,Not at all,מאוד,Very much,,,,,,Bodily and Emotional Perception of Pain (BEEP) 3
6,,,,38,Lack of independence,אני לא מרגיש/ה עצמאי/ת,likert_scale_19,0,5,בכלל לא,Not at all,מאוד,Very much,,,,,,Bodily and Emotional Perception of Pain (BEEP) 3
7,,"בסולם של 0 עד 5 (0 הוא הנמוך ביותר ו-5 הוא הגבוה ביותר), במהלך חייך, עד כמה חמור הפריע הכאב הזה לך...","On a scale from 0 to 5 ( 0 being the lowest and 5 the highest), during your lifetime, how seriously did this pain interfere with",39,Your working performance,ביצועי העבודה שלך,likert_scale_20,0,5,בכלל לא,Not at all,מאוד,Very much,,,,,,Bodily and Emotional Perception of Pain (BEEP) 4
7,,,,40,Your capability to move,יכולת התנועה שלך,likert_scale_21,0,5,בכלל לא,Not at all,מאוד,Very much,,,,,,Bodily and Emotional Perception of Pain (BEEP) 4
7,,,,41,Your social role,תפקידך החברתי,likert_scale_22,0,5,בכלל לא,Not at all,מאוד,Very much,,,,,,Bodily and Emotional Perception of Pain (BEEP) 4
7,,,,42,Your physical activity,פעילות ספורטיבית,likert_scale_23,0,5,בכלל לא,Not at all,מאוד,Very much,,,,,,Bodily and Emotional Perception of Pain (BEEP) 4
7,,,,43,"Mood (inner affective-emotional tone, e.g. I'm more often sad, more often cheerful)",מצב רוח (טון רגשי פנימי; לדוגמה: אני עצוב/ה יותר או שמח/ה פחות),likert_scale_24,0,5,בכלל לא,Not at all,מאוד,Very much,,,,,,Bodily and Emotional Perception of Pain (BEEP) 4
8,,"בסולם של 0 עד 5 (0 הוא הנמוך ביותר ו-5 הוא הגבוה ביותר), במהלך חייך, עד כמה חמור הפריע הכאב הזה לך...","On a scale from 0 to 5 ( 0 being the lowest and 5 the highest), during your lifetime, how seriously did this pain interfere with",44,Interpersonal relationships,מערכות יחסים בין-אישיות,likert_scale_25,0,5,בכלל לא,Not at all,מאוד,Very much,,,,,,Bodily and Emotional Perception of Pain (BEEP) 5
8,,,,45,Sleep,השינה,likert_scale_26,0,5,בכלל לא,Not at all,מאוד,Very much,,,,,,Bodily and Emotional Perception of Pain (BEEP) 5
8,,,,46,The pleasure of living,הנאה מהחיים,likert_scale_27,0,5,בכלל לא,Not at all,מאוד,Very much,,,,,,Bodily and Emotional Perception of Pain (BEEP) 5
9,,נא סמן/י את המספר המתאר בצורה הטובה ביותר את חומרת הכאב שלך:,Please tick the number that describes the severity of your pain best: ,47,On average in the past 24 hours,בממוצע ב-24 השעות האחרונות,scale,0,10,בכלל לא,Not at all,מאוד,Very much,,,,,,Bodily and Emotional Perception of Pain (BEEP) 5
9,,נא סמן/י את המספר המתאר בצורה הטובה ביותר את חומרת הכאב שלך:,Please tick the number that describes the severity of your pain best: ,48,In this moment,ברגע הזה,scale,0,10,בכלל לא,Not at all,מאוד,Very much,,,,,,Bodily and Emotional Perception of Pain (BEEP) 5
,,"להלן משפטים המתארים מחשבות ורגשות שונים שעשויים להיות קשורים לכאב. באמצעות הסולם הבא, אנא ציין/י את המידה שבה יש לך מחשבות ורגשות אלה כשאת/ה חווה כאב.","Listed below are statements describing different thoughts and feelings that may be associated with pain. Using the following scale, please indicate the degree to which you have these thoughts and feelings when you are experiencing pain.",49,I worry all the time about whether the pain will end,אני דואג/ת כל הזמן האם הכאב יפסק,likert_scale_2,1,5,,,,,"בכלל לא, במידה מועטה, במידה בינונית, במידה רבה, כל הזמן","Not at all, To a slight degree, To a moderate degree, To a great degree, All the time",,,,Pain Catastrophizing Scale (PCS) 1
10,,"להלן משפטים המתארים מחשבות ורגשות שונים שעשויים להיות קשורים לכאב. באמצעות הסולם הבא, אנא ציין/י את המידה שבה יש לך מחשבות ורגשות אלה כשאת/ה חווה כאב.","Listed below are statements describing different thoughts and feelings that may be associated with pain. Using the following scale, please indicate the degree to which you have these thoughts and feelings when you are experiencing pain.",50,I feel like I can't go on,אני מרגיש/ה שאיני יכול/ה להמשיך יותר.,likert_scale_2,1,5,,,,,"בכלל לא, במידה מועטה, במידה בינונית, במידה רבה, כל הזמן","Not at all, To a slight degree, To a moderate degree, To a great degree, All the time",,,,Pain Catastrophizing Scale (PCS) 1
10,,"להלן משפטים המתארים מחשבות ורגשות שונים שעשויים להיות קשורים לכאב. באמצעות הסולם הבא, אנא ציין/י את המידה שבה יש לך מחשבות ורגשות אלה כשאת/ה חווה כאב.","Listed below are statements describing different thoughts and feelings that may be associated with pain. Using the following scale, please indicate the degree to which you have these thoughts and feelings when you are experiencing pain.",51,It/'s terrible and I think it's never going to get any better,"זה נורא, ואני חושב/ת שזה לעולם לא ישתפר.",likert_scale_2,1,5,,,,,"בכלל לא, במידה מועטה, במידה בינונית, במידה רבה, כל הזמן","Not at all, To a slight degree, To a moderate degree, To a great degree, All the time",,,,Pain Catastrophizing Scale (PCS) 1
10,,"להלן משפטים המתארים מחשבות ורגשות שונים שעשויים להיות קשורים לכאב. באמצעות הסולם הבא, אנא ציין/י את המידה שבה יש לך מחשבות ורגשות אלה כשאת/ה חווה כאב.","Listed below are statements describing different thoughts and feelings that may be associated with pain. Using the following scale, please indicate the degree to which you have these thoughts and feelings when you are experiencing pain.",52,It's awful and I feel that it overwhelms me,"זה איום, ואני מרגיש/ה שזה מציף אותי.",likert_scale_2,1,5,,,,,"בכלל לא, במידה מועטה, במידה בינונית, במידה רבה, כל הזמן","Not at all, To a slight degree, To a moderate degree, To a great degree, All the time",,,,Pain Catastrophizing Scale (PCS) 1
10,,"להלן משפטים המתארים מחשבות ורגשות שונים שעשויים להיות קשורים לכאב. באמצעות הסולם הבא, אנא ציין/י את המידה שבה יש לך מחשבות ורגשות אלה כשאת/ה חווה כאב.","Listed below are statements describing different thoughts and feelings that may be associated with pain. Using the following scale, please indicate the degree to which you have these thoughts and feelings when you are experiencing pain.",53,I feel I can't stand it anymore,אני מרגיש/ה שאיני יכול/ה לעמוד בזה יותר.,likert_scale_2,1,5,,,,,"בכלל לא, במידה מועטה, במידה בינונית, במידה רבה, כל הזמן","Not at all, To a slight degree, To a moderate degree, To a great degree, All the time",,,,Pain Catastrophizing Scale (PCS) 2
11,,"להלן משפטים המתארים מחשבות ורגשות שונים שעשויים להיות קשורים לכאב. באמצעות הסולם הבא, אנא ציין/י את המידה שבה יש לך מחשבות ורגשות אלה כשאת/ה חווה כאב.","Listed below are statements describing different thoughts and feelings that may be associated with pain. Using the following scale, please indicate the degree to which you have these thoughts and feelings when you are experiencing pain.",54,I become afraid that the pain will get worse,אני מפחד/ת שהכאב יהיה גרוע יותר.,likert_scale_2,1,5,,,,,"בכלל לא, במידה מועטה, במידה בינונית, במידה רבה, כל הזמן","Not at all, To a slight degree, To a moderate degree, To a great degree, All the time",,,,Pain Catastrophizing Scale (PCS) 2
11,,"להלן משפטים המתארים מחשבות ורגשות שונים שעשויים להיות קשורים לכאב. באמצעות הסולם הבא, אנא ציין/י את המידה שבה יש לך מחשבות ורגשות אלה כשאת/ה חווה כאב.","Listed below are statements describing different thoughts and feelings that may be associated with pain. Using the following scale, please indicate the degree to which you have these thoughts and feelings when you are experiencing pain.",55,I keep thinking of other painful events,אני חושב/ת על התנסויות כואבות אחרות.,likert_scale_2,1,5,,,,,"בכלל לא, במידה מועטה, במידה בינונית, במידה רבה, כל הזמן","Not at all, To a slight degree, To a moderate degree, To a great degree, All the time",,,,Pain Catastrophizing Scale (PCS) 2
11,,"להלן משפטים המתארים מחשבות ורגשות שונים שעשויים להיות קשורים לכאב. באמצעות הסולם הבא, אנא ציין/י את המידה שבה יש לך מחשבות ורגשות אלה כשאת/ה חווה כאב.","Listed below are statements describing different thoughts and feelings that may be associated with pain. Using the following scale, please indicate the degree to which you have these thoughts and feelings when you are experiencing pain.",56,I anxiously want the pain to go away,אני מאוד רוצה שהכאב יעזוב אותי.,likert_scale_2,1,5,,,,,"בכלל לא, במידה מועטה, במידה בינונית, במידה רבה, כל הזמן","Not at all, To a slight degree, To a moderate degree, To a great degree, All the time",,,,Pain Catastrophizing Scale (PCS) 2
11,,"להלן משפטים המתארים מחשבות ורגשות שונים שעשויים להיות קשורים לכאב. באמצעות הסולם הבא, אנא ציין/י את המידה שבה יש לך מחשבות ורגשות אלה כשאת/ה חווה כאב.","Listed below are statements describing different thoughts and feelings that may be associated with pain. Using the following scale, please indicate the degree to which you have these thoughts and feelings when you are experiencing pain.",57,I can't seem to keep the pain out of my mind,אני לא יכול/ה להפסיק לחשוב על הכאב.,likert_scale_2,1,5,,,,,"בכלל לא, במידה מועטה, במידה בינונית, במידה רבה, כל הזמן","Not at all, To a slight degree, To a moderate degree, To a great degree, All the time",,,,Pain Catastrophizing Scale (PCS) 2
12,,"להלן משפטים המתארים מחשבות ורגשות שונים שעשויים להיות קשורים לכאב. באמצעות הסולם הבא, אנא ציין/י את המידה שבה יש לך מחשבות ורגשות אלה כשאת/ה חווה כאב.","Listed below are statements describing different thoughts and feelings that may be associated with pain. Using the following scale, please indicate the degree to which you have these thoughts and feelings when you are experiencing pain.",58,I keep thinking about how much it hurts,כל הזמן אני חושב/ת עד כמה זה כואב לי.,likert_scale_2,1,5,,,,,"בכלל לא, במידה מועטה, במידה בינונית, במידה רבה, כל הזמן","Not at all, To a slight degree, To a moderate degree, To a great degree, All the time",,,,Pain Catastrophizing Scale (PCS) 3
12,,"להלן משפטים המתארים מחשבות ורגשות שונים שעשויים להיות קשורים לכאב. באמצעות הסולם הבא, אנא ציין/י את המידה שבה יש לך מחשבות ורגשות אלה כשאת/ה חווה כאב.","Listed below are statements describing different thoughts and feelings that may be associated with pain. Using the following scale, please indicate the degree to which you have these thoughts and feelings when you are experiencing pain.",59,I keep thinking about how badly I want the pain to stop,אני חושב/ת כמה אני רוצה שהכאב ייפסק.,likert_scale_2,1,5,,,,,"בכלל לא, במידה מועטה, במידה בינונית, במידה רבה, כל הזמן","Not at all, To a slight degree, To a moderate degree, To a great degree, All the time",,,,Pain Catastrophizing Scale (PCS) 3
12,,"להלן משפטים המתארים מחשבות ורגשות שונים שעשויים להיות קשורים לכאב. באמצעות הסולם הבא, אנא ציין/י את המידה שבה יש לך מחשבות ורגשות אלה כשאת/ה חווה כאב.","Listed below are statements describing different thoughts and feelings that may be associated with pain. Using the following scale, please indicate the degree to which you have these thoughts and feelings when you are experiencing pain.",60,There's nothing I can do to reduce the intensity of the pain,אין שום דבר שאני יכול/ה לעשות כדי להחליש את עצמת הכאב.,likert_scale_2,1,5,,,,,"בכלל לא, במידה מועטה, במידה בינונית, במידה רבה, כל הזמן","Not at all, To a slight degree, To a moderate degree, To a great degree, All the time",,,,Pain Catastrophizing Scale (PCS) 3
12,,"להלן משפטים המתארים מחשבות ורגשות שונים שעשויים להיות קשורים לכאב. באמצעות הסולם הבא, אנא ציין/י את המידה שבה יש לך מחשבות ורגשות אלה כשאת/ה חווה כאב.","Listed below are statements describing different thoughts and feelings that may be associated with pain. Using the following scale, please indicate the degree to which you have these thoughts and feelings when you are experiencing pain.",98,I wonder whether something serious may happen,אני תוהה האם משהו רציני יקרה.,likert_scale_2,1,5,,,,,"בכלל לא, במידה מועטה, במידה בינונית, במידה רבה, כל הזמן","Not at all, To a slight degree, To a moderate degree, To a great degree, All the time",,,,Pain Catastrophizing Scale (PCS) 3
13,,"אנא דרג/י עד כמה את/ה בטוח/ה שאת/ה יכול/ה לעשות את הדברים הבאים בהווה, למרות הכאב. 0=לא בטוח/ה כלל, 6=בטוח/ה לחלוטין.","Please rate how confident you are that you can do the following things at present, despite the pain. 0=Not at all confident, 6=Completely confident.",99,"I can do some form of work, despite the pain (work includes housework and paid and unpaid work)","אני יכול/ה לבצע סוג כלשהו של עבודה, למרות הכאב (עבודה כוללת עבודות בית, עבודה בשכר ושלא בשכר)",scale,0,6,לא בטוח/ה כלל,Not at all confident,בטוח/ה לחלוטין,Completely confident,,,,,,PSEQ-2 — Pain Self-Efficacy Questionnaire Short Form
13,,"אנא דרג/י עד כמה את/ה בטוח/ה שאת/ה יכול/ה לעשות את הדברים הבאים בהווה, למרות הכאב. 0=לא בטוח/ה כלל, 6=בטוח/ה לחלוטין.","Please rate how confident you are that you can do the following things at present, despite the pain. 0=Not at all confident, 6=Completely confident.",100,"I can live a normal lifestyle, despite the pain","אני יכול/ה לחיות אורח חיים נורמלי, למרות הכאב ",scale,0,6,לא בטוח/ה כלל,Not at all confident,בטוח/ה לחלוטין,Completely confident,,,,,,PSEQ-2 — Pain Self-Efficacy Questionnaire Short Form
14,,"במהלך חיינו, רובנו חווים כאב מדי פעם (כגון כאבי ראש קלים, נקעים, וכאבי שיניים). האם היה לך כאב היום מעבר לסוגים אלו של כאבי יום-יום?","Below you will find a list of statements. Please indicate how often each statement applies to you generally in daily life. (0=Never, 5=Always)",101,Have you had pain other than everyday kinds of pain today?,האם היה לך כאב היום מעבר לסוגים אלו של כאבי יום-יום?,yes_no,,,,,,,,,,,,BPI-SF — Brief Pain Inventory Short Form
14,,"במהלך חיינו, רובנו חווים כאב מדי פעם (כגון כאבי ראש קלים, נקעים, וכאבי שיניים). האם היה לך כאב היום מעבר לסוגים אלו של כאבי יום-יום?","Below you will find a list of statements. Please indicate how often each statement applies to you generally in daily life. (0=Never, 5=Always)",102,"Body diagram — shade areas of pain, put X on area that hurts the most","דיאגרמת גוף — סמן/י בצללית את אזורי הכאב, שים/י X על האזור הכואב ביותר",multi_select,,,,,,,,,"ראש, צוואר, כתפיים, גב, בטן, ברכיים, רגליים, קרסוליים, כפות רגליים, ידיים, מרפקים, חזה, עיניים, אוזניים, אף, שיניים, לשון, גרון, עורף, עצם הבריח, צלעות, כל הגוף, אחר (אפשרות לכתוב אחרת)","Head, Neck, Shoulders, Back, Stomach, Knees, Legs, Ankles, Feet, Hands, Elbows, Chest, Eyes, Ears, Nose, Teeth, Tongue, Throat, Nape, Clavicle, Ribs, Entire body, Other(option to write in other)",Pain Location,BPI-SF — Brief Pain Inventory Short Form
15,,"במהלך חיינו, רובנו חווים כאב מדי פעם (כגון כאבי ראש קלים, נקעים, וכאבי שיניים). האם היה לך כאב היום מעבר לסוגים אלו של כאבי יום-יום?","Below you will find a list of statements. Please indicate how often each statement applies to you generally in daily life. (0=Never, 5=Always)",103,Please rate your pain at its WORST in the last 24 hours,אנא דרג/י את הכאב בעוצמה הגבוהה ביותר שלו ב-24 השעות האחרונות,scale,0,10,אין כאב,No pain,הכאב הגרוע ביותר שניתן לדמיין,Worst pain imaginable,,,,,,BPI-SF — Brief Pain Inventory Short Form
15,,"במהלך חיינו, רובנו חווים כאב מדי פעם (כגון כאבי ראש קלים, נקעים, וכאבי שיניים). האם היה לך כאב היום מעבר לסוגים אלו של כאבי יום-יום?","Below you will find a list of statements. Please indicate how often each statement applies to you generally in daily life. (0=Never, 5=Always)",104,Please rate your pain at its LEAST in the last 24 hours,אנא דרג/י את הכאב בעוצמה הנמוכה ביותר שלו ב-24 השעות האחרונות,scale,0,10,אין כאב,No pain,הכאב הגרוע ביותר שניתן לדמיין,Worst pain imaginable,,,,,,BPI-SF — Brief Pain Inventory Short Form
15,,"במהלך חיינו, רובנו חווים כאב מדי פעם (כגון כאבי ראש קלים, נקעים, וכאבי שיניים). האם היה לך כאב היום מעבר לסוגים אלו של כאבי יום-יום?","Below you will find a list of statements. Please indicate how often each statement applies to you generally in daily life. (0=Never, 5=Always)",105,Please rate your pain on the AVERAGE,אנא דרג/י את הכאב בממוצע,scale,0,10,אין כאב,No pain,הכאב הגרוע ביותר שניתן לדמיין,Worst pain imaginable,,,,,,BPI-SF — Brief Pain Inventory Short Form
15,,"במהלך חיינו, רובנו חווים כאב מדי פעם (כגון כאבי ראש קלים, נקעים, וכאבי שיניים). האם היה לך כאב היום מעבר לסוגים אלו של כאבי יום-יום?","Below you will find a list of statements. Please indicate how often each statement applies to you generally in daily life. (0=Never, 5=Always)",106,Please rate your pain RIGHT NOW,אנא דרג/י את הכאב כרגע,scale,0,10,אין כאב,No pain,הכאב הגרוע ביותר שניתן לדמיין,Worst pain imaginable,,,,,,BPI-SF — Brief Pain Inventory Short Form
15,,"במהלך חיינו, רובנו חווים כאב מדי פעם (כגון כאבי ראש קלים, נקעים, וכאבי שיניים). האם היה לך כאב היום מעבר לסוגים אלו של כאבי יום-יום?","Below you will find a list of statements. Please indicate how often each statement applies to you generally in daily life. (0=Never, 5=Always)",107,What treatments or medications are you receiving for your pain?,אילו טיפולים או תרופות את/ה מקבל/ת לכאב שלך?,shortText,,,,,,,,,,,,BPI-SF — Brief Pain Inventory Short Form
16,,"במהלך חיינו, רובנו חווים כאב מדי פעם (כגון כאבי ראש קלים, נקעים, וכאבי שיניים). האם היה לך כאב היום מעבר לסוגים אלו של כאבי יום-יום?","Below you will find a list of statements. Please indicate how often each statement applies to you generally in daily life. (0=Never, 5=Always)",108,"In the last 24 hours, how much relief have pain treatments or medications provided? (0%=No relief, 100%=Complete relief)","ב-24 השעות האחרונות, כמה הקלה סיפקו הטיפולים או התרופות? (0%=ללא הקלה, 100%=הקלה מלאה)",scale,0%,100%,אין הקלה,No relief,הקלה מלאה,Complete relief,,,,,,BPI-SF — Brief Pain Inventory Short Form
16,,"במהלך חיינו, רובנו חווים כאב מדי פעם (כגון כאבי ראש קלים, נקעים, וכאבי שיניים). האם היה לך כאב היום מעבר לסוגים אלו של כאבי יום-יום?","Below you will find a list of statements. Please indicate how often each statement applies to you generally in daily life. (0=Never, 5=Always)",109,General activity,פעילות כללית,scale,0,10,לא מפריע,Dose not interfere,מפריע לחלוטין,Completelt interferes,,,,,,BPI-SF — Brief Pain Inventory Short Form
16,,"במהלך חיינו, רובנו חווים כאב מדי פעם (כגון כאבי ראש קלים, נקעים, וכאבי שיניים). האם היה לך כאב היום מעבר לסוגים אלו של כאבי יום-יום?","Below you will find a list of statements. Please indicate how often each statement applies to you generally in daily life. (0=Never, 5=Always)",110,Mood,מצב רוח,scale,0,10,לא מפריע,Dose not interfere,מפריע לחלוטין,Completelt interferes,,,,,,BPI-SF — Brief Pain Inventory Short Form
16,,"במהלך חיינו, רובנו חווים כאב מדי פעם (כגון כאבי ראש קלים, נקעים, וכאבי שיניים). האם היה לך כאב היום מעבר לסוגים אלו של כאבי יום-יום?","Below you will find a list of statements. Please indicate how often each statement applies to you generally in daily life. (0=Never, 5=Always)",111,Walking ability,יכולת הליכה,scale,0,10,לא מפריע,Dose not interfere,מפריע לחלוטין,Completelt interferes,,,,,,BPI-SF — Brief Pain Inventory Short Form
17,,"במהלך חיינו, רובנו חווים כאב מדי פעם (כגון כאבי ראש קלים, נקעים, וכאבי שיניים). האם היה לך כאב היום מעבר לסוגים אלו של כאבי יום-יום?","Below you will find a list of statements. Please indicate how often each statement applies to you generally in daily life. (0=Never, 5=Always)",112,Normal work (includes both work outside the home and housework),עבודה רגילה (כולל עבודה מחוץ לבית ועבודות בית),scale,0,10,לא מפריע,Dose not interfere,מפריע לחלוטין,Completelt interferes,,,,,,BPI-SF — Brief Pain Inventory Short Form
17,,"במהלך חיינו, רובנו חווים כאב מדי פעם (כגון כאבי ראש קלים, נקעים, וכאבי שיניים). האם היה לך כאב היום מעבר לסוגים אלו של כאבי יום-יום?","Below you will find a list of statements. Please indicate how often each statement applies to you generally in daily life. (0=Never, 5=Always)",113,Relations with other people,מערכות יחסים עם אנשים אחרים,scale,0,10,לא מפריע,Dose not interfere,מפריע לחלוטין,Completelt interferes,,,,,,BPI-SF — Brief Pain Inventory Short Form
17,,"במהלך חיינו, רובנו חווים כאב מדי פעם (כגון כאבי ראש קלים, נקעים, וכאבי שיניים). האם היה לך כאב היום מעבר לסוגים אלו של כאבי יום-יום?","Below you will find a list of statements. Please indicate how often each statement applies to you generally in daily life. (0=Never, 5=Always)",114,Sleep,שינה,scale,0,10,לא מפריע,Dose not interfere,מפריע לחלוטין,Completelt interferes,,,,,,BPI-SF — Brief Pain Inventory Short Form
17,,"במהלך חיינו, רובנו חווים כאב מדי פעם (כגון כאבי ראש קלים, נקעים, וכאבי שיניים). האם היה לך כאב היום מעבר לסוגים אלו של כאבי יום-יום?","Below you will find a list of statements. Please indicate how often each statement applies to you generally in daily life. (0=Never, 5=Always)",115,Enjoyment of life,ההנאה מהחיים,scale,0,10,לא מפריע,Dose not interfere,מפריע לחלוטין,Completelt interferes,,,,,,BPI-SF — Brief Pain Inventory Short Form
